<annotation>
	<folder>images</folder>
	<filename>Fake (23).jpg</filename>
	<path>D:\Users\Lois Valenzuela\Downloads\train\images\Fake (23).jpg</path>
	<source>
		<database>Unknown</database>
	</source>
	<size>
		<width>600</width>
		<height>600</height>
		<depth>3</depth>
	</size>
	<segmented>0</segmented>
	<object>
		<name>Fake</name>
		<pose>Unspecified</pose>
		<truncated>0</truncated>
		<difficult>0</difficult>
		<bndbox>
			<xmin>119</xmin>
			<ymin>132</ymin>
			<xmax>462</xmax>
			<ymax>586</ymax>
		</bndbox>
	</object>
</annotation>
