<annotation>
	<folder>images</folder>
	<filename>Real (4).jpg</filename>
	<path>D:\Users\Lois Valenzuela\Downloads\train\images\Real (4).jpg</path>
	<source>
		<database>Unknown</database>
	</source>
	<size>
		<width>600</width>
		<height>600</height>
		<depth>3</depth>
	</size>
	<segmented>0</segmented>
	<object>
		<name>Real</name>
		<pose>Unspecified</pose>
		<truncated>0</truncated>
		<difficult>0</difficult>
		<bndbox>
			<xmin>131</xmin>
			<ymin>88</ymin>
			<xmax>492</xmax>
			<ymax>575</ymax>
		</bndbox>
	</object>
</annotation>
